[{
	"MimeType": "MimeType 1",
	"RecipientType": "RecipientType 1",
	"UploadedBy": "UploadedBy 1",
	"Extension": "Extension 1",
	"FileName": "FileName 1",
	"VId": 9,
	"WOId": 5231,
	"RecipientOffice": 2979,
	"Id": 6865,
	"__metadata": {
		"uri": "AttachmentSet(RecipientType='RecipientType%201',Extension='Extension%201',FileName='FileName%201',VId=9,WOId=416,RecipientOffice=6671,Id=2613)",
		"type": "ZGW_APPROVE_MNT_SRV.Attachment"
	}
}, {
	"MimeType": "MimeType 2",
	"RecipientType": "RecipientType 2",
	"UploadedBy": "UploadedBy 2",
	"Extension": "Extension 2",
	"FileName": "FileName 2",
	"VId": 7960,
	"WOId": 2769,
	"RecipientOffice": 5182,
	"Id": 5804,
	"__metadata": {
		"uri": "AttachmentSet(RecipientType='RecipientType%202',Extension='Extension%202',FileName='FileName%202',VId=7960,WOId=2584,RecipientOffice=5101,Id=7638)",
		"type": "ZGW_APPROVE_MNT_SRV.Attachment"
	}
}, {
	"MimeType": "MimeType 3",
	"RecipientType": "RecipientType 3",
	"UploadedBy": "UploadedBy 3",
	"Extension": "Extension 3",
	"FileName": "FileName 3",
	"VId": 100,
	"WOId": 8146,
	"RecipientOffice": 5230,
	"Id": 1069,
	"__metadata": {
		"uri": "AttachmentSet(RecipientType='RecipientType%203',Extension='Extension%203',FileName='FileName%203',VId=100,WOId=8688,RecipientOffice=9523,Id=8078)",
		"type": "ZGW_APPROVE_MNT_SRV.Attachment"
	}
}, {
	"MimeType": "MimeType 4",
	"RecipientType": "RecipientType 4",
	"UploadedBy": "UploadedBy 4",
	"Extension": "Extension 4",
	"FileName": "FileName 4",
	"VId": 3324,
	"WOId": 2518,
	"RecipientOffice": 4241,
	"Id": 1735,
	"__metadata": {
		"uri": "AttachmentSet(RecipientType='RecipientType%204',Extension='Extension%204',FileName='FileName%204',VId=3324,WOId=591,RecipientOffice=4853,Id=4053)",
		"type": "ZGW_APPROVE_MNT_SRV.Attachment"
	}
}, {
	"MimeType": "MimeType 5",
	"RecipientType": "RecipientType 5",
	"UploadedBy": "UploadedBy 5",
	"Extension": "Extension 5",
	"FileName": "FileName 5",
	"VId": 7495,
	"WOId": 1603,
	"RecipientOffice": 9383,
	"Id": 2340,
	"__metadata": {
		"uri": "AttachmentSet(RecipientType='RecipientType%205',Extension='Extension%205',FileName='FileName%205',VId=7495,WOId=7826,RecipientOffice=3812,Id=6152)",
		"type": "ZGW_APPROVE_MNT_SRV.Attachment"
	}
}, {
	"MimeType": "MimeType 6",
	"RecipientType": "RecipientType 6",
	"UploadedBy": "UploadedBy 6",
	"Extension": "Extension 6",
	"FileName": "FileName 6",
	"VId": 7116,
	"WOId": 9603,
	"RecipientOffice": 2683,
	"Id": 7932,
	"__metadata": {
		"uri": "AttachmentSet(RecipientType='RecipientType%206',Extension='Extension%206',FileName='FileName%206',VId=7116,WOId=3189,RecipientOffice=2884,Id=6673)",
		"type": "ZGW_APPROVE_MNT_SRV.Attachment"
	}
}, {
	"MimeType": "MimeType 7",
	"RecipientType": "RecipientType 7",
	"UploadedBy": "UploadedBy 7",
	"Extension": "Extension 7",
	"FileName": "FileName 7",
	"VId": 3050,
	"WOId": 2530,
	"RecipientOffice": 1100,
	"Id": 6889,
	"__metadata": {
		"uri": "AttachmentSet(RecipientType='RecipientType%207',Extension='Extension%207',FileName='FileName%207',VId=3050,WOId=2114,RecipientOffice=865,Id=7131)",
		"type": "ZGW_APPROVE_MNT_SRV.Attachment"
	}
}, {
	"MimeType": "MimeType 8",
	"RecipientType": "RecipientType 8",
	"UploadedBy": "UploadedBy 8",
	"Extension": "Extension 8",
	"FileName": "FileName 8",
	"VId": 4669,
	"WOId": 9223,
	"RecipientOffice": 1422,
	"Id": 4410,
	"__metadata": {
		"uri": "AttachmentSet(RecipientType='RecipientType%208',Extension='Extension%208',FileName='FileName%208',VId=4669,WOId=5584,RecipientOffice=5582,Id=9889)",
		"type": "ZGW_APPROVE_MNT_SRV.Attachment"
	}
}, {
	"MimeType": "MimeType 9",
	"RecipientType": "RecipientType 9",
	"UploadedBy": "UploadedBy 9",
	"Extension": "Extension 9",
	"FileName": "FileName 9",
	"VId": 2209,
	"WOId": 5874,
	"RecipientOffice": 6271,
	"Id": 4192,
	"__metadata": {
		"uri": "AttachmentSet(RecipientType='RecipientType%209',Extension='Extension%209',FileName='FileName%209',VId=2209,WOId=9106,RecipientOffice=5632,Id=517)",
		"type": "ZGW_APPROVE_MNT_SRV.Attachment"
	}
}, {
	"MimeType": "MimeType 10",
	"RecipientType": "RecipientType 10",
	"UploadedBy": "UploadedBy 10",
	"Extension": "Extension 10",
	"FileName": "FileName 10",
	"VId": 5272,
	"WOId": 6796,
	"RecipientOffice": 6827,
	"Id": 1271,
	"__metadata": {
		"uri": "AttachmentSet(RecipientType='RecipientType%2010',Extension='Extension%2010',FileName='FileName%2010',VId=5272,WOId=6084,RecipientOffice=3899,Id=539)",
		"type": "ZGW_APPROVE_MNT_SRV.Attachment"
	}
}]