[{
	"RecipientId": 2707,
	"RecipientType": "RecipientType 1",
	"RealizationDate": "/Date(967831602000+0000)/",
	"RecipientCompany": "RecipientCompany 1",
	"WOId": 3970,
	"RecipientOffice": 8063,
	"VisitType": 9383,
	"__metadata": {
		"uri": "VisitHeadSet(RecipientId=2707,RecipientType='RecipientType%201',WOId=9456,RecipientOffice=8063)",
		"type": "ZGW_APPROVE_MNT_SRV.VisitHead"
	},
	"ToVisitDetail": {
		"__deferred": {
			"uri": "VisitHeadSet(RecipientId=2707,RecipientType='RecipientType%201',WOId=9456,RecipientOffice=8063)/ToVisitDetail"
		}
	}
}, {
	"RecipientId": 7616,
	"RecipientType": "RecipientType 2",
	"RealizationDate": "/Date(1114279602000+0000)/",
	"RecipientCompany": "RecipientCompany 2",
	"WOId": 629,
	"RecipientOffice": 6936,
	"VisitType": 5035,
	"__metadata": {
		"uri": "VisitHeadSet(RecipientId=7616,RecipientType='RecipientType%202',WOId=8775,RecipientOffice=6936)",
		"type": "ZGW_APPROVE_MNT_SRV.VisitHead"
	},
	"ToVisitDetail": {
		"__deferred": {
			"uri": "VisitHeadSet(RecipientId=7616,RecipientType='RecipientType%202',WOId=8775,RecipientOffice=6936)/ToVisitDetail"
		}
	}
}, {
	"RecipientId": 6126,
	"RecipientType": "RecipientType 3",
	"RealizationDate": "/Date(1264183602000+0000)/",
	"RecipientCompany": "RecipientCompany 3",
	"WOId": 4863,
	"RecipientOffice": 298,
	"VisitType": 2954,
	"__metadata": {
		"uri": "VisitHeadSet(RecipientId=6126,RecipientType='RecipientType%203',WOId=3983,RecipientOffice=298)",
		"type": "ZGW_APPROVE_MNT_SRV.VisitHead"
	},
	"ToVisitDetail": {
		"__deferred": {
			"uri": "VisitHeadSet(RecipientId=6126,RecipientType='RecipientType%203',WOId=3983,RecipientOffice=298)/ToVisitDetail"
		}
	}
}, {
	"RecipientId": 3029,
	"RecipientType": "RecipientType 4",
	"RealizationDate": "/Date(1509214002000+0000)/",
	"RecipientCompany": "RecipientCompany 4",
	"WOId": 143,
	"RecipientOffice": 7367,
	"VisitType": 7185,
	"__metadata": {
		"uri": "VisitHeadSet(RecipientId=3029,RecipientType='RecipientType%204',WOId=7304,RecipientOffice=7367)",
		"type": "ZGW_APPROVE_MNT_SRV.VisitHead"
	},
	"ToVisitDetail": {
		"__deferred": {
			"uri": "VisitHeadSet(RecipientId=3029,RecipientType='RecipientType%204',WOId=7304,RecipientOffice=7367)/ToVisitDetail"
		}
	}
}, {
	"RecipientId": 9819,
	"RecipientType": "RecipientType 5",
	"RealizationDate": "/Date(1149185202000+0000)/",
	"RecipientCompany": "RecipientCompany 5",
	"WOId": 6024,
	"RecipientOffice": 7636,
	"VisitType": 7916,
	"__metadata": {
		"uri": "VisitHeadSet(RecipientId=9819,RecipientType='RecipientType%205',WOId=5502,RecipientOffice=7636)",
		"type": "ZGW_APPROVE_MNT_SRV.VisitHead"
	},
	"ToVisitDetail": {
		"__deferred": {
			"uri": "VisitHeadSet(RecipientId=9819,RecipientType='RecipientType%205',WOId=5502,RecipientOffice=7636)/ToVisitDetail"
		}
	}
}, {
	"RecipientId": 6909,
	"RecipientType": "RecipientType 6",
	"RealizationDate": "/Date(1224695202000+0000)/",
	"RecipientCompany": "RecipientCompany 6",
	"WOId": 7635,
	"RecipientOffice": 9459,
	"VisitType": 4340,
	"__metadata": {
		"uri": "VisitHeadSet(RecipientId=6909,RecipientType='RecipientType%206',WOId=9575,RecipientOffice=9459)",
		"type": "ZGW_APPROVE_MNT_SRV.VisitHead"
	},
	"ToVisitDetail": {
		"__deferred": {
			"uri": "VisitHeadSet(RecipientId=6909,RecipientType='RecipientType%206',WOId=9575,RecipientOffice=9459)/ToVisitDetail"
		}
	}
}, {
	"RecipientId": 445,
	"RecipientType": "RecipientType 7",
	"RealizationDate": "/Date(1190138802000+0000)/",
	"RecipientCompany": "RecipientCompany 7",
	"WOId": 8133,
	"RecipientOffice": 9509,
	"VisitType": 5425,
	"__metadata": {
		"uri": "VisitHeadSet(RecipientId=445,RecipientType='RecipientType%207',WOId=6652,RecipientOffice=9509)",
		"type": "ZGW_APPROVE_MNT_SRV.VisitHead"
	},
	"ToVisitDetail": {
		"__deferred": {
			"uri": "VisitHeadSet(RecipientId=445,RecipientType='RecipientType%207',WOId=6652,RecipientOffice=9509)/ToVisitDetail"
		}
	}
}, {
	"RecipientId": 9851,
	"RecipientType": "RecipientType 8",
	"RealizationDate": "/Date(1157738802000+0000)/",
	"RecipientCompany": "RecipientCompany 8",
	"WOId": 1121,
	"RecipientOffice": 2617,
	"VisitType": 6930,
	"__metadata": {
		"uri": "VisitHeadSet(RecipientId=9851,RecipientType='RecipientType%208',WOId=4001,RecipientOffice=2617)",
		"type": "ZGW_APPROVE_MNT_SRV.VisitHead"
	},
	"ToVisitDetail": {
		"__deferred": {
			"uri": "VisitHeadSet(RecipientId=9851,RecipientType='RecipientType%208',WOId=4001,RecipientOffice=2617)/ToVisitDetail"
		}
	}
}, {
	"RecipientId": 8378,
	"RecipientType": "RecipientType 9",
	"RealizationDate": "/Date(1139249202000+0000)/",
	"RecipientCompany": "RecipientCompany 9",
	"WOId": 940,
	"RecipientOffice": 3739,
	"VisitType": 6777,
	"__metadata": {
		"uri": "VisitHeadSet(RecipientId=8378,RecipientType='RecipientType%209',WOId=6534,RecipientOffice=3739)",
		"type": "ZGW_APPROVE_MNT_SRV.VisitHead"
	},
	"ToVisitDetail": {
		"__deferred": {
			"uri": "VisitHeadSet(RecipientId=8378,RecipientType='RecipientType%209',WOId=6534,RecipientOffice=3739)/ToVisitDetail"
		}
	}
}, {
	"RecipientId": 2182,
	"RecipientType": "RecipientType 10",
	"RealizationDate": "/Date(1405361202000+0000)/",
	"RecipientCompany": "RecipientCompany 10",
	"WOId": 108,
	"RecipientOffice": 2311,
	"VisitType": 8320,
	"__metadata": {
		"uri": "VisitHeadSet(RecipientId=2182,RecipientType='RecipientType%2010',WOId=8140,RecipientOffice=2311)",
		"type": "ZGW_APPROVE_MNT_SRV.VisitHead"
	},
	"ToVisitDetail": {
		"__deferred": {
			"uri": "VisitHeadSet(RecipientId=2182,RecipientType='RecipientType%2010',WOId=8140,RecipientOffice=2311)/ToVisitDetail"
		}
	}
}]