<?xml version="1.0" encoding="utf-8"?>
<edmx:Edmx Version="1.0" xmlns:edmx="http://schemas.microsoft.com/ado/2007/06/edmx"
	xmlns:m="http://schemas.microsoft.com/ado/2007/08/dataservices/metadata" xmlns:sap="http://www.sap.com/Protocols/SAPData">
	<edmx:DataServices m:DataServiceVersion="2.0">
		<Schema Namespace="ZEXECUTE_WO2_SRV" xml:lang="es" sap:schema-version="1" xmlns="http://schemas.microsoft.com/ado/2008/09/edm">
			<EntityType Name="WorkOrder" sap:content-version="1">
				<Key><PropertyRef Name="Id"/></Key><Property Name="Type" Type="Edm.String" Nullable="false" sap:creatable="false" sap:updatable="false" sap:sortable="false"
					sap:filterable="false"/><Property Name="Description" Type="Edm.String" sap:creatable="false" sap:updatable="false" sap:sortable="false" sap:filterable="false"/><Property Name="Status" Type="Edm.Int16" Nullable="false" sap:label="Untzeich.INT2/int16" sap:creatable="false" sap:sortable="false"/><Property Name="Id" Type="Edm.Int32" Nullable="false" sap:creatable="false" sap:updatable="false" sap:sortable="false"/><Property Name="Section" Type="Edm.String" Nullable="false" sap:creatable="false" sap:updatable="false" sap:sortable="false"
					sap:filterable="false"/><NavigationProperty Name="ToVisits" Relationship="ZEXECUTE_WO2_SRV.WOToVisits" FromRole="FromRole_WOToVisits" ToRole="ToRole_WOToVisits"/></EntityType>
			<EntityType Name="Combo" sap:content-version="1">
				<Key><PropertyRef Name="Key"/><PropertyRef Name="comboId"/></Key><Property Name="Key" Type="Edm.String" Nullable="false" MaxLength="100" sap:creatable="false" sap:updatable="false" sap:sortable="false"/><Property Name="Value" Type="Edm.String" Nullable="false" sap:creatable="false" sap:updatable="false" sap:sortable="false"
					sap:filterable="false"/><Property Name="comboId" Type="Edm.String" Nullable="false" MaxLength="35" sap:creatable="false" sap:updatable="false" sap:sortable="false"/></EntityType>
			<EntityType Name="Attachment" m:HasStream="true" sap:content-version="1">
				<Key><PropertyRef Name="RecipientType"/><PropertyRef Name="RecipientOffice"/><PropertyRef Name="WOId"/><PropertyRef Name="RecipientId"/></Key><Property Name="MimeType" Type="Edm.String" Nullable="false" sap:creatable="false" sap:updatable="false" sap:sortable="false"
					sap:filterable="false"/><Property Name="RecipientType" Type="Edm.String" Nullable="false" MaxLength="3" sap:sortable="false" sap:filterable="false"/><Property Name="UploadedBy" Type="Edm.String" sap:creatable="false" sap:updatable="false" sap:sortable="false" sap:filterable="false"/><Property Name="Extension" Type="Edm.String" Nullable="false" MaxLength="10" sap:creatable="false" sap:updatable="false"
					sap:sortable="false" sap:filterable="false"/><Property Name="FileName" Type="Edm.String" Nullable="false" MaxLength="255" sap:creatable="false" sap:updatable="false"
					sap:sortable="false" sap:filterable="false"/><Property Name="RecipientOffice" Type="Edm.Int32" Nullable="false" sap:updatable="false" sap:sortable="false" sap:filterable="false"/><Property Name="WOId" Type="Edm.Int32" Nullable="false" sap:creatable="false" sap:updatable="false" sap:sortable="false"
					sap:filterable="false"/><Property Name="RecipientId" Type="Edm.Int32" Nullable="false" sap:creatable="false" sap:updatable="false" sap:sortable="false"
					sap:filterable="false"/><Property Name="Id" Type="Edm.String" Nullable="false" MaxLength="20" sap:sortable="false" sap:filterable="false"/></EntityType>
			<EntityType Name="Contact" sap:content-version="1">
				<Key><PropertyRef Name="Type"/><PropertyRef Name="Office"/><PropertyRef Name="Id"/><PropertyRef Name="RecipientId"/></Key><Property Name="Address" Type="ZEXECUTE_WO2_SRV.Address" Nullable="false"/><Property Name="Title" Type="Edm.String" Nullable="false" sap:creatable="false" sap:updatable="false" sap:sortable="false"
					sap:filterable="false"/><Property Name="Phone" Type="Edm.String" sap:sortable="false" sap:filterable="false"/><Property Name="Position" Type="Edm.String" sap:sortable="false" sap:filterable="false"/><Property Name="Section" Type="Edm.String" Nullable="false" sap:creatable="false" sap:updatable="false" sap:sortable="false"
					sap:filterable="false"/><Property Name="Type" Type="Edm.String" Nullable="false" MaxLength="3" sap:sortable="false" sap:filterable="false"/><Property Name="LastName" Type="Edm.String" Nullable="false" sap:sortable="false" sap:filterable="false"/><Property Name="FirstName" Type="Edm.String" Nullable="false" sap:sortable="false" sap:filterable="false"/><Property Name="Office" Type="Edm.Int32" Nullable="false" sap:updatable="false" sap:sortable="false" sap:filterable="false"/><Property Name="Email" Type="Edm.String" sap:sortable="false" sap:filterable="false"/><Property Name="Valid" Type="Edm.Boolean" Nullable="false" sap:label="Indicador" sap:sortable="false" sap:filterable="false"/><Property Name="Id" Type="Edm.String" Nullable="false" MaxLength="20" sap:sortable="false" sap:filterable="false"/><Property Name="RecipientId" Type="Edm.Int32" Nullable="false" sap:sortable="false" sap:filterable="false"/></EntityType>
			<EntityType Name="Recipient" sap:content-version="1">
				<Key><PropertyRef Name="Id"/><PropertyRef Name="Office"/><PropertyRef Name="Type"/></Key><Property Name="Id" Type="Edm.Int32" Nullable="false" sap:creatable="false" sap:sortable="false"/><Property Name="Office" Type="Edm.Int32" Nullable="false" sap:creatable="false" sap:sortable="false" sap:filterable="false"/><Property Name="Type" Type="Edm.String" Nullable="false" MaxLength="3" sap:creatable="false" sap:filterable="false"/><Property Name="Activity" Type="Edm.String" sap:creatable="false" sap:updatable="false" sap:filterable="false"/><Property Name="Section" Type="Edm.String" Nullable="false" sap:creatable="false" sap:updatable="false" sap:sortable="false"
					sap:filterable="false"/><Property Name="Comment" Type="Edm.String" sap:creatable="false" sap:updatable="false" sap:sortable="false" sap:filterable="false"/><Property Name="CompanyName" Type="Edm.String" Nullable="false" sap:creatable="false" sap:updatable="false" sap:filterable="false"/><NavigationProperty Name="ToContact" Relationship="ZEXECUTE_WO2_SRV.RecipientToContact" FromRole="FromRole_RecipientToContact"
					ToRole="ToRole_RecipientToContact"/></EntityType>
			<EntityType Name="VisitHead" sap:content-version="1">
				<Key><PropertyRef Name="RecipientId"/><PropertyRef Name="RecipientType"/><PropertyRef Name="WOId"/><PropertyRef Name="RecipientOffice"/></Key><Property Name="RecipientId" Type="Edm.Int32" Nullable="false" sap:sortable="false" sap:filterable="false"/><Property Name="RecipientType" Type="Edm.String" Nullable="false" MaxLength="3" sap:sortable="false" sap:filterable="false"/><Property Name="RealizationDate" Type="Edm.DateTimeOffset" Precision="0" sap:label="Cronomarcador" sap:sortable="false"
					sap:filterable="false"/><Property Name="RecipientCompany" Type="Edm.String" sap:updatable="false" sap:sortable="false" sap:filterable="false"/><Property Name="WOId" Type="Edm.Int32" Nullable="false" sap:updatable="false" sap:sortable="false" sap:filterable="false"/><Property Name="RecipientOffice" Type="Edm.Int32" Nullable="false" sap:updatable="false" sap:sortable="false" sap:filterable="false"/><Property Name="VisitType" Type="Edm.Int32" Nullable="false" sap:updatable="false" sap:sortable="false" sap:filterable="false"/><NavigationProperty Name="ToVisitDetail" Relationship="ZEXECUTE_WO2_SRV.VisitHeadToVisitDetail" FromRole="FromRole_VisitHeadToVisitDetail"
					ToRole="ToRole_VisitHeadToVisitDetail"/></EntityType>
			<EntityType Name="VisitDetail" sap:content-version="1">
				<Key><PropertyRef Name="RecipientType"/><PropertyRef Name="RecipientOffice"/><PropertyRef Name="RecipientId"/><PropertyRef Name="WOId"/></Key><Property Name="ObservationId" Type="Edm.Int16" sap:label="Untzeich.INT2/int16" sap:sortable="false" sap:filterable="false"/><Property Name="ResultId" Type="Edm.String" sap:sortable="false" sap:filterable="false"/><Property Name="RecipientType" Type="Edm.String" Nullable="false" MaxLength="3" sap:sortable="false" sap:filterable="false"/><Property Name="Comment" Type="Edm.String" MaxLength="100" sap:sortable="false" sap:filterable="false"/><Property Name="Material" Type="Edm.Boolean" sap:label="Indicador" sap:sortable="false" sap:filterable="false"/><Property Name="Blueprint" Type="Edm.Boolean" sap:label="Indicador" sap:sortable="false" sap:filterable="false"/><Property Name="RecipientOffice" Type="Edm.Int32" Nullable="false" sap:updatable="false" sap:sortable="false" sap:filterable="false"/><Property Name="Signature" Type="Edm.Boolean" sap:label="Indicador" sap:sortable="false" sap:filterable="false"/><Property Name="Note" Type="Edm.Boolean" sap:label="Indicador" sap:sortable="false" sap:filterable="false"/><Property Name="RealizationDate" Type="Edm.DateTimeOffset" Precision="0" sap:label="Cronomarcador" sap:sortable="false"
					sap:filterable="false"/><Property Name="Description" Type="Edm.String" sap:sortable="false" sap:filterable="false"/><Property Name="RecipientId" Type="Edm.Int32" Nullable="false" sap:sortable="false" sap:filterable="false"/><Property Name="WOId" Type="Edm.Int32" Nullable="false" sap:sortable="false" sap:filterable="false"/><Property Name="ContactId" Type="Edm.String" MaxLength="20" sap:sortable="false" sap:filterable="false"/><NavigationProperty Name="ToAttachments" Relationship="ZEXECUTE_WO2_SRV.VisitDetailToAttachments"
					FromRole="FromRole_VisitDetailToAttachments" ToRole="ToRole_VisitDetailToAttachments"/><NavigationProperty Name="ToContact" Relationship="ZEXECUTE_WO2_SRV.ContactToVisitDetail" FromRole="ToRole_ContactToVisitDetail"
					ToRole="FromRole_ContactToVisitDetail"/></EntityType>
			<ComplexType Name="Address"><Property Name="PostalCode" Type="Edm.String" sap:sortable="false" sap:filterable="false"/><Property Name="Street" Type="Edm.String" sap:sortable="false" sap:filterable="false"/></ComplexType>
			<ComplexType Name="AttachmentType"><Property Name="Value" Type="Edm.String" sap:sortable="false" sap:filterable="false"/><Property Name="Key" Type="Edm.Int16" sap:label="Untzeich.INT2/int16" sap:sortable="false" sap:filterable="false"/></ComplexType>
			<Association Name="VisitDetailToAttachments" sap:content-version="1"><End Type="ZEXECUTE_WO2_SRV.VisitDetail" Multiplicity="1" Role="FromRole_VisitDetailToAttachments"/><End Type="ZEXECUTE_WO2_SRV.Attachment" Multiplicity="*" Role="ToRole_VisitDetailToAttachments"/>
				<ReferentialConstraint>
					<Principal Role="FromRole_VisitDetailToAttachments"><PropertyRef Name="RecipientOffice"/><PropertyRef Name="RecipientType"/><PropertyRef Name="RecipientId"/><PropertyRef Name="WOId"/></Principal>
					<Dependent Role="ToRole_VisitDetailToAttachments"><PropertyRef Name="RecipientOffice"/><PropertyRef Name="RecipientType"/><PropertyRef Name="RecipientId"/><PropertyRef Name="WOId"/></Dependent>
				</ReferentialConstraint>
			</Association>
			<Association Name="WOToVisits" sap:content-version="1"><End Type="ZEXECUTE_WO2_SRV.WorkOrder" Multiplicity="1" Role="FromRole_WOToVisits"/><End Type="ZEXECUTE_WO2_SRV.VisitHead" Multiplicity="*" Role="ToRole_WOToVisits"/>
				<ReferentialConstraint>
					<Principal Role="FromRole_WOToVisits"><PropertyRef Name="Id"/></Principal>
					<Dependent Role="ToRole_WOToVisits"><PropertyRef Name="WOId"/></Dependent>
				</ReferentialConstraint>
			</Association>
			<Association Name="VisitHeadToVisitDetail" sap:content-version="1"><End Type="ZEXECUTE_WO2_SRV.VisitHead" Multiplicity="1" Role="FromRole_VisitHeadToVisitDetail"/><End Type="ZEXECUTE_WO2_SRV.VisitDetail" Multiplicity="0..1" Role="ToRole_VisitHeadToVisitDetail"/>
				<ReferentialConstraint>
					<Principal Role="FromRole_VisitHeadToVisitDetail"><PropertyRef Name="WOId"/><PropertyRef Name="RecipientId"/><PropertyRef Name="RecipientOffice"/><PropertyRef Name="RecipientType"/></Principal>
					<Dependent Role="ToRole_VisitHeadToVisitDetail"><PropertyRef Name="WOId"/><PropertyRef Name="RecipientId"/><PropertyRef Name="RecipientOffice"/><PropertyRef Name="RecipientType"/></Dependent>
				</ReferentialConstraint>
			</Association>
			<Association Name="ContactToVisitDetail" sap:content-version="1"><End Type="ZEXECUTE_WO2_SRV.Contact" Multiplicity="0..1" Role="FromRole_ContactToVisitDetail"/><End Type="ZEXECUTE_WO2_SRV.VisitDetail" Multiplicity="*" Role="ToRole_ContactToVisitDetail"/>
				<ReferentialConstraint>
					<Principal Role="FromRole_ContactToVisitDetail"><PropertyRef Name="RecipientId"/><PropertyRef Name="Id"/><PropertyRef Name="Office"/><PropertyRef Name="Type"/></Principal>
					<Dependent Role="ToRole_ContactToVisitDetail"><PropertyRef Name="RecipientId"/><PropertyRef Name="ContactId"/><PropertyRef Name="RecipientOffice"/><PropertyRef Name="RecipientType"/></Dependent>
				</ReferentialConstraint>
			</Association>
			<Association Name="RecipientToContact" sap:content-version="1"><End Type="ZEXECUTE_WO2_SRV.Recipient" Multiplicity="1" Role="FromRole_RecipientToContact"/><End Type="ZEXECUTE_WO2_SRV.Contact" Multiplicity="*" Role="ToRole_RecipientToContact"/>
				<ReferentialConstraint>
					<Principal Role="FromRole_RecipientToContact"><PropertyRef Name="Type"/><PropertyRef Name="Id"/><PropertyRef Name="Office"/></Principal>
					<Dependent Role="ToRole_RecipientToContact"><PropertyRef Name="Type"/><PropertyRef Name="RecipientId"/><PropertyRef Name="Office"/></Dependent>
				</ReferentialConstraint>
			</Association>
			<EntityContainer Name="ZEXECUTE_WO2_SRV_Entities" m:IsDefaultEntityContainer="true" sap:supported-formats="atom json xlsx"><EntitySet Name="ContactSet" EntityType="ZEXECUTE_WO2_SRV.Contact" sap:deletable="false" sap:searchable="true" sap:pageable="false"
				sap:content-version="1"/><EntitySet Name="RecipientSet" EntityType="ZEXECUTE_WO2_SRV.Recipient" sap:creatable="false" sap:updatable="false" sap:deletable="false"
				sap:searchable="true" sap:pageable="false" sap:content-version="1"/><EntitySet Name="VisitHeadSet" EntityType="ZEXECUTE_WO2_SRV.VisitHead" sap:searchable="true" sap:content-version="1"/><EntitySet Name="VisitDetailSet" EntityType="ZEXECUTE_WO2_SRV.VisitDetail" sap:pageable="false" sap:content-version="1"/><EntitySet Name="WorkOrderSet" EntityType="ZEXECUTE_WO2_SRV.WorkOrder" sap:creatable="false" sap:deletable="false" sap:searchable="true"
				sap:content-version="1"/><EntitySet Name="ComboSet" EntityType="ZEXECUTE_WO2_SRV.Combo" sap:creatable="false" sap:updatable="false" sap:deletable="false"
				sap:searchable="true" sap:pageable="false" sap:requires-filter="true" sap:content-version="1"/><EntitySet Name="AttachmentSet" EntityType="ZEXECUTE_WO2_SRV.Attachment" sap:pageable="false" sap:addressable="false"
				sap:content-version="1"/>
				<AssociationSet Name="WOToVisitsSet" Association="ZEXECUTE_WO2_SRV.WOToVisits" sap:creatable="false" sap:updatable="false"
					sap:deletable="false" sap:content-version="1"><End EntitySet="WorkOrderSet" Role="FromRole_WOToVisits"/><End EntitySet="VisitHeadSet" Role="ToRole_WOToVisits"/></AssociationSet>
				<AssociationSet Name="VisitDetailToAttachmentsSet" Association="ZEXECUTE_WO2_SRV.VisitDetailToAttachments" sap:creatable="false"
					sap:updatable="false" sap:deletable="false" sap:content-version="1"><End EntitySet="VisitDetailSet" Role="FromRole_VisitDetailToAttachments"/><End EntitySet="AttachmentSet" Role="ToRole_VisitDetailToAttachments"/></AssociationSet>
				<AssociationSet Name="VisitHeadToVisitDetailSet" Association="ZEXECUTE_WO2_SRV.VisitHeadToVisitDetail" sap:creatable="false"
					sap:updatable="false" sap:deletable="false" sap:content-version="1"><End EntitySet="VisitHeadSet" Role="FromRole_VisitHeadToVisitDetail"/><End EntitySet="VisitDetailSet" Role="ToRole_VisitHeadToVisitDetail"/></AssociationSet>
				<AssociationSet Name="ContactToVisitDetailSet" Association="ZEXECUTE_WO2_SRV.ContactToVisitDetail" sap:creatable="false"
					sap:updatable="false" sap:deletable="false" sap:content-version="1"><End EntitySet="ContactSet" Role="FromRole_ContactToVisitDetail"/><End EntitySet="VisitDetailSet" Role="ToRole_ContactToVisitDetail"/></AssociationSet>
				<AssociationSet Name="RecipientToContactSet" Association="ZEXECUTE_WO2_SRV.RecipientToContact" sap:creatable="false" sap:updatable="false"
					sap:deletable="false" sap:content-version="1"><End EntitySet="RecipientSet" Role="FromRole_RecipientToContact"/><End EntitySet="ContactSet" Role="ToRole_RecipientToContact"/></AssociationSet>
			</EntityContainer><atom:link rel="self" href="http://SMP.hexagonconsulting.com:8040/sap/opu/odata/sap/ZEXECUTE_WO2_SRV/$metadata"
				xmlns:atom="http://www.w3.org/2005/Atom"/><atom:link rel="latest-version" href="http://SMP.hexagonconsulting.com:8040/sap/opu/odata/sap/ZEXECUTE_WO2_SRV/$metadata"
				xmlns:atom="http://www.w3.org/2005/Atom"/></Schema>
	</edmx:DataServices>
</edmx:Edmx>